Name,Function,Parameter,Timestamp
index,/,{},2024-05-11T18:04:09.101Z
news,/news,{},2024-05-11T18:04:12.746Z
wallet,/wallet,{},2024-05-11T18:04:14.810Z
prices,/prices,{},2024-05-11T18:04:20.880Z
assets-id,/assets/apple,{"id":"apple"},2024-05-11T18:04:28.140Z
strategies,/strategies,{},2024-05-11T18:04:30.656Z
creator,/creator,{},2024-05-11T18:04:33.814Z
assets-id,/assets/Logo_Color.png,{"id":"Logo_Color.png"},2024-05-11T18:04:33.968Z
assets-id,/assets/Logo_Color.png,{"id":"Logo_Color.png"},2024-05-11T18:04:34.013Z
chat,/chat,{},2024-05-11T18:04:36.755Z
Discussions-id,/Discussions/1,{"id":"1"},2024-05-11T18:04:38.918Z
index,/,{},2024-05-11T18:42:10.703Z
news,/news,{},2024-05-11T18:42:14.079Z
articles-id,/articles/1,{"id":"1"},2024-05-11T18:42:15.505Z
index,/,{},2024-05-11T18:42:32.586Z
strategies,/strategies,{},2024-05-11T18:42:34.328Z
creator,/creator,{},2024-05-11T18:42:39.260Z
assets-id,/assets/Logo_Color.png,{"id":"Logo_Color.png"},2024-05-11T18:42:39.357Z
assets-id,/assets/Logo_Color.png,{"id":"Logo_Color.png"},2024-05-11T18:42:39.385Z
index,/,{},2024-05-13T07:52:26.663Z
index,/,{},2024-05-13T07:52:26.831Z
news,/news,{},2024-05-13T07:52:29.328Z
wallet,/wallet,{},2024-05-13T07:52:31.641Z
prices,/prices,{},2024-05-13T07:52:48.466Z
assets-id,/assets/apple,{"id":"apple"},2024-05-13T07:52:51.179Z
assets-id,/assets/apple,{"id":"apple"},2024-05-13T07:56:36.581Z
index,/,{},2024-05-13T10:24:33.992Z
news,/news,{},2024-05-13T10:24:36.671Z
prices,/prices,{},2024-05-13T10:24:38.384Z
assets-id,/assets/apple,{"id":"apple"},2024-05-13T10:24:39.870Z
index,/,{},2024-05-13T10:25:20.939Z
prices,/prices,{},2024-05-13T10:25:23.631Z
assets-id,/assets/apple,{"id":"apple"},2024-05-13T10:25:24.601Z
wallet,/wallet,{},2024-05-13T10:26:02.330Z
chat,/chat,{},2024-05-13T10:26:31.973Z
strategies,/strategies,{},2024-05-13T10:26:33.836Z
wallet,/wallet,{},2024-05-13T10:26:35.169Z
chat,/chat,{},2024-05-13T10:26:47.447Z
Discussions-id,/Discussions/1,{"id":"1"},2024-05-13T10:26:48.801Z
wallet,/wallet,{},2024-05-13T10:27:50.584Z
news,/news,{},2024-05-13T10:28:11.565Z
prices,/prices,{},2024-05-13T10:28:14.706Z
assets-id,/assets/apple,{"id":"apple"},2024-05-13T10:28:16.199Z
index,/,{},2024-05-13T15:18:09.314Z
index,/,{},2024-05-13T15:18:09.475Z
news,/news,{},2024-05-13T15:18:11.467Z
wallet,/wallet,{},2024-05-13T15:18:13.213Z
prices,/prices,{},2024-05-13T15:18:14.061Z
assets-id,/assets/apple,{"id":"apple"},2024-05-13T15:18:15.768Z
